{"means": {"runtime": 81.91040422280872, "vote_average": 6.2046777330184755, "vote_count": 442.55313237949713, "release_year": 1997.9336670838547, "popularity": 9.544763161550215, "budget": 5096296.376718989, "revenue": 14276750.393110154}, "stds": {"runtime": 42.798345969401055, "vote_average": 1.1773422249670125, "vote_count": 1366.7805333397887, "release_year": 24.935235608548492, "popularity": 21.260789990346005, "budget": 16868559.9705133, "revenue": 59031371.70008109}}